val_next_loss,val_presence_loss,val_event_loss,val_loss,epoch,step,train_loss
0.21374498307704926,0.14258737862110138,0.19636303186416626,0.5526953339576721,0,16,
,,,,1,16,0.8812521696090698
0.25628891587257385,0.14216984808444977,0.22612088918685913,0.624579668045044,1,33,
,,,,2,33,0.8673578500747681
0.25208908319473267,0.14135611057281494,0.286953866481781,0.6803990602493286,2,50,
,,,,3,50,0.8538053035736084
0.24690918624401093,0.13914760947227478,0.2311423122882843,0.6171991229057312,3,67,
,,,,4,67,0.7981986999511719
0.256221741437912,0.13528862595558167,0.20154660940170288,0.5930570363998413,4,84,
,,,,5,84,0.8276123404502869
0.22846193611621857,0.12981995940208435,0.23739193379878998,0.5956737995147705,5,101,
,,,,6,101,0.7519312500953674
0.2407759428024292,0.12415800243616104,0.2505147457122803,0.6154487133026123,6,118,
,,,,7,118,0.7125095725059509
0.2255690097808838,0.11680866032838821,0.21627020835876465,0.558647871017456,7,135,
,,,,8,135,0.7176925539970398
0.2074710726737976,0.10708468407392502,0.2340693324804306,0.5486250519752502,8,152,
,,,,9,152,0.7004330158233643
0.2221214771270752,0.09734013676643372,0.2112104594707489,0.5306720733642578,9,169,
,,,,10,169,0.710837721824646
0.21103110909461975,0.08553220331668854,0.1960587203502655,0.4926220178604126,10,186,
,,,,11,186,0.6515897512435913
0.20556338131427765,0.08037158846855164,0.18917113542556763,0.4751061201095581,11,203,
,,,,12,203,0.6075690388679504
0.23888607323169708,0.078776054084301,0.2985483407974243,0.6162104606628418,12,220,
,,,,13,220,0.6110818982124329
0.20515863597393036,0.0775168389081955,0.19969329237937927,0.4823687672615051,13,237,
,,,,14,237,0.6334500312805176
0.21889165043830872,0.07642096281051636,0.19042953848838806,0.48574215173721313,14,254,
,,,,15,254,0.5983636975288391
0.20254570245742798,0.07681579887866974,0.2229580581188202,0.5023195743560791,15,271,
,,,,16,271,0.5793914794921875
0.19986382126808167,0.0784897580742836,0.2713668644428253,0.5497204065322876,16,288,
,,,,17,288,0.5839897990226746
0.19486773014068604,0.07822269946336746,0.31783729791641235,0.5909277200698853,17,305,
,,,,18,305,0.6139194369316101
0.21822601556777954,0.07746065407991409,0.21324746310710907,0.5089341402053833,18,322,
,,,,19,322,0.558013916015625
0.280499666929245,0.07587245106697083,0.18791985511779785,0.5442919731140137,19,339,
,,,,20,339,0.559665322303772
0.19463619589805603,0.0752193033695221,0.202602356672287,0.4724578857421875,20,356,
,,,,21,356,0.5697153806686401
0.22230999171733856,0.07647166401147842,0.20369207859039307,0.5024737119674683,21,373,
,,,,22,373,0.557253360748291
0.22085954248905182,0.07698345184326172,0.17928867042064667,0.4771316647529602,22,390,
,,,,23,390,0.5882591009140015
0.18969374895095825,0.07478437572717667,0.22242718935012817,0.4869053363800049,23,407,
,,,,24,407,0.5919201374053955
0.2062818706035614,0.07427550852298737,0.1990078091621399,0.47956520318984985,24,424,
,,,,25,424,0.5435856580734253
0.1981784850358963,0.0751056969165802,0.24281464517116547,0.5160988569259644,25,441,
,,,,26,441,0.5481181740760803
0.18267397582530975,0.0736825168132782,0.20608866214752197,0.4624451696872711,26,458,
,,,,27,458,0.5655386447906494
0.18423892557621002,0.07817909121513367,0.1690525859594345,0.4314706027507782,27,475,
,,,,28,475,0.5514784455299377
0.1681981235742569,0.07409302145242691,0.18040652573108673,0.42269766330718994,28,492,
,,,,29,492,0.5683982372283936
0.1777501255273819,0.07244984060525894,0.28222349286079407,0.5324234366416931,29,509,
,,,,30,509,0.5341697931289673
0.15818536281585693,0.07350794970989227,0.16850095987319946,0.40019428730010986,30,526,
,,,,31,526,0.5078790187835693
0.17788223922252655,0.07155787944793701,0.17675112187862396,0.4261912405490875,31,543,
,,,,32,543,0.5064271688461304
0.1994428038597107,0.07240120321512222,0.1945645809173584,0.4664086103439331,32,560,
,,,,33,560,0.5131152868270874
0.16598021984100342,0.0711754858493805,0.1855974793434143,0.4227531850337982,33,577,
,,,,34,577,0.5553335547447205
0.17405013740062714,0.07111269980669022,0.1839131861925125,0.42907601594924927,34,594,
,,,,35,594,0.5215469598770142
0.18467500805854797,0.06875063478946686,0.1827019602060318,0.43612760305404663,35,611,
,,,,36,611,0.5001557469367981
0.17229107022285461,0.06990839540958405,0.174941748380661,0.41714122891426086,36,628,
,,,,37,628,0.5036841034889221
0.16154509782791138,0.06790246069431305,0.3394879698753357,0.5689354538917542,37,645,
,,,,38,645,0.5032196640968323
0.16330869495868683,0.06845442205667496,0.17691367864608765,0.40867677330970764,38,16,
,,,,39,16,0.536780834197998
0.1529046595096588,0.0673527866601944,0.1839575171470642,0.404215008020401,39,33,
,,,,40,33,0.4947683811187744
0.17058832943439484,0.0653875321149826,0.17930583655834198,0.4152817130088806,40,50,
,,,,41,50,0.49892425537109375
0.17798395454883575,0.06591220200061798,0.17562033236026764,0.4195164740085602,41,67,
,,,,42,67,0.5382086634635925
0.15967988967895508,0.06668362021446228,0.17502307891845703,0.4013865888118744,42,16,
,,,,43,16,0.5204808712005615
0.1502147763967514,0.066042959690094,0.18131791055202484,0.39757561683654785,43,33,
,,,,44,33,0.4796698987483978
0.16840173304080963,0.06421831250190735,0.17700542509555817,0.40962547063827515,44,50,
,,,,45,50,0.4838443100452423
0.17560617625713348,0.06510113179683685,0.17369650304317474,0.4144038259983063,45,67,
,,,,46,67,0.5236606597900391
0.1617608219385147,0.06486406177282333,0.17812663316726685,0.4047515094280243,46,84,
,,,,47,84,0.4810764193534851
0.15315426886081696,0.06411033868789673,0.16306737065315247,0.38033196330070496,47,101,
,,,,48,101,0.4788684844970703
0.15640661120414734,0.06384242326021194,0.1668320596218109,0.387081116437912,48,118,
,,,,49,118,0.46940943598747253
0.16240829229354858,0.06310933083295822,0.16869047284126282,0.39420807361602783,49,135,
,,,,50,135,0.5133680701255798
0.1516706645488739,0.06503245234489441,0.15307937562465668,0.3697825074195862,50,152,
,,,,51,152,0.4792315661907196
0.1493932157754898,0.06428788602352142,0.16624727845191956,0.3799283802509308,51,169,
,,,,52,169,0.4892060458660126
0.15400850772857666,0.06601275503635406,0.1651596873998642,0.38518092036247253,52,186,
,,,,53,186,0.49008628726005554
0.1514163315296173,0.06429710239171982,0.17029181122779846,0.3860052227973938,53,203,
,,,,54,203,0.43705445528030396
0.16540813446044922,0.06290750205516815,0.167389914393425,0.39570555090904236,54,220,
,,,,55,220,0.4942617416381836
0.16362473368644714,0.06352785229682922,0.1914992332458496,0.418651819229126,55,237,
,,,,56,237,0.49469706416130066
0.16426636278629303,0.06366539746522903,0.16716137528419495,0.3950931429862976,56,254,
,,,,57,254,0.4418240189552307
0.15251505374908447,0.06372272968292236,0.19533483684062958,0.4115726351737976,57,271,
,,,,58,271,0.49439525604248047
0.15343964099884033,0.0627148449420929,0.15759295225143433,0.37374740839004517,58,288,
,,,,59,288,0.453482061624527
0.1513148546218872,0.06254591047763824,0.23700396716594696,0.4508647322654724,59,305,
,,,,60,305,0.46135857701301575
0.14905096590518951,0.0631607174873352,0.1743287742137909,0.3865404427051544,60,322,
,,,,61,322,0.4692057967185974
0.14925497770309448,0.06372514367103577,0.20209068059921265,0.4150708019733429,61,339,
,,,,62,339,0.4478669762611389
0.28971192240715027,0.06308729201555252,0.19263872504234314,0.5454379320144653,62,356,
,,,,63,356,0.4917023479938507
0.153154194355011,0.06402823328971863,0.18998806178569794,0.40717050433158875,63,373,
,,,,64,373,0.4676516056060791
0.15447485446929932,0.06323690712451935,0.1525825560092926,0.37029433250427246,64,390,
,,,,65,390,0.5065942406654358
0.15464799106121063,0.061857081949710846,0.15996289253234863,0.3764680027961731,65,407,
,,,,66,407,0.4492276608943939
0.1526859998703003,0.06310462951660156,0.1563652753829956,0.37215590476989746,66,424,
,,,,67,424,0.44081947207450867
0.14770647883415222,0.0627579465508461,0.16327545046806335,0.3737398684024811,67,441,
,,,,68,441,0.5059425234794617
0.14549857378005981,0.061661094427108765,0.17155151069164276,0.37871116399765015,68,458,
,,,,69,458,0.4651019871234894
0.13903531432151794,0.06138257682323456,0.1699959635734558,0.3704138696193695,69,475,
,,,,70,475,0.44957098364830017
0.13368485867977142,0.06188885122537613,0.1633511781692505,0.358924925327301,70,492,
,,,,71,492,0.4727642834186554
0.14863555133342743,0.06420505046844482,0.20505215227603912,0.4178927540779114,71,509,
,,,,72,509,0.46465548872947693
0.15740811824798584,0.06384877860546112,0.17759691178798676,0.3988538384437561,72,526,
,,,,73,526,0.44451624155044556
0.15494179725646973,0.06227124109864235,0.16938108205795288,0.38659411668777466,73,543,
,,,,74,543,0.4591660797595978
0.19242379069328308,0.062162235379219055,0.17512285709381104,0.4297088384628296,74,560,
,,,,75,560,0.45010823011398315
0.14149615168571472,0.06282223016023636,0.17250971496105194,0.376828134059906,75,577,
,,,,76,577,0.43582114577293396
0.14824597537517548,0.06146600842475891,0.164871945977211,0.3745839595794678,76,594,
,,,,77,594,0.44060802459716797
0.1498369425535202,0.06205113232135773,0.1585579514503479,0.37044602632522583,77,611,
,,,,78,611,0.4787537753582001
0.29971665143966675,0.06202578544616699,0.1607142984867096,0.5224567651748657,78,628,
,,,,79,628,0.4660499691963196
0.16299186646938324,0.06005912274122238,0.16888926923274994,0.39194029569625854,79,645,
,,,,80,645,0.45759010314941406
0.14263342320919037,0.061990849673748016,0.18479877710342407,0.38942307233810425,80,662,
,,,,81,662,0.46417108178138733
0.1602955311536789,0.06328039616346359,0.1478510946035385,0.371427059173584,81,679,
,,,,82,679,0.46679267287254333
0.3104640543460846,0.06355046480894089,0.1646927148103714,0.5387071967124939,82,696,
,,,,83,696,0.45526599884033203
0.14456886053085327,0.0619923435151577,0.17058321833610535,0.3771444261074066,83,713,
,,,,84,713,0.4809238314628601
0.15598051249980927,0.061914749443531036,0.1825723499059677,0.4004676342010498,84,730,
,,,,85,730,0.44618791341781616
0.14984381198883057,0.0599408857524395,0.1542205959558487,0.36400529742240906,85,747,
,,,,86,747,0.4326770007610321
0.1506982445716858,0.06087200343608856,0.13364574313163757,0.34521597623825073,86,764,
,,,,87,764,0.42885342240333557
0.14354784786701202,0.061483629047870636,0.1666783094406128,0.37170976400375366,87,781,
,,,,88,781,0.4679129123687744
0.15088975429534912,0.06093106046319008,0.22652965784072876,0.43835049867630005,88,798,
,,,,89,798,0.4660482406616211
0.15090635418891907,0.06026175990700722,0.16314946115016937,0.37431758642196655,89,815,
,,,,90,815,0.43892720341682434
0.13760732114315033,0.06104990839958191,0.16940252482891083,0.36805975437164307,90,832,
,,,,91,832,0.4366924464702606
0.14275391399860382,0.06310651451349258,0.16982030868530273,0.37568071484565735,91,849,
,,,,92,849,0.44331103563308716
0.25185835361480713,0.06059270352125168,0.15702776610851288,0.4694787859916687,92,866,
,,,,93,866,0.41786593198776245
0.1570328176021576,0.058331653475761414,0.26229313015937805,0.47765761613845825,93,883,
,,,,94,883,0.47755691409111023
0.14983674883842468,0.05985310301184654,0.1641772985458374,0.3738671541213989,94,900,
,,,,95,900,0.4497300386428833
0.14681480824947357,0.0609857477247715,0.13282513618469238,0.34062567353248596,95,917,
,,,,96,917,0.44450777769088745
0.14446835219860077,0.05913006141781807,0.15264573693275452,0.35624414682388306,96,934,
,,,,97,934,0.44321608543395996
0.14430725574493408,0.060154449194669724,0.15833890438079834,0.36280059814453125,97,951,
,,,,98,951,0.4766719937324524
0.1729467362165451,0.05988116189837456,0.17896227538585663,0.4117901921272278,98,968,
,,,,99,968,0.4508592188358307
0.14269110560417175,0.06051711365580559,0.13699033856391907,0.3401985466480255,99,985,
,,,,100,985,0.4437086880207062
0.13211387395858765,0.06135271489620209,0.18780018389225006,0.3812667727470398,100,1002,
,,,,101,1002,0.44064775109291077
0.1516571193933487,0.059419676661491394,0.16198693215847015,0.37306374311447144,101,1019,
,,,,102,1019,0.4730038344860077
0.16064989566802979,0.05897056683897972,0.17940157651901245,0.39902204275131226,102,1036,
,,,,103,1036,0.47079867124557495
0.1383390575647354,0.058606404811143875,0.1500697135925293,0.3470151722431183,103,1053,
,,,,104,1053,0.4480125904083252
0.16929714381694794,0.05942127853631973,0.15383726358413696,0.38255566358566284,104,1070,
,,,,105,1070,0.4795415699481964
0.16424429416656494,0.06031841039657593,0.14149923622608185,0.3660619556903839,105,1087,
,,,,106,1087,0.41659000515937805
0.13405634462833405,0.05779241770505905,0.13387137651443481,0.3257201313972473,106,1104,
,,,,107,1104,0.41943588852882385
0.16070887446403503,0.057444363832473755,0.15632648766040802,0.374479740858078,107,1121,
,,,,108,1121,0.46117261052131653
0.14487780630588531,0.05989674851298332,0.14454048871994019,0.3493150770664215,108,1138,
,,,,109,1138,0.4515811800956726
0.1378985047340393,0.058194518089294434,0.17102736234664917,0.3671203851699829,109,1155,
,,,,110,1155,0.4399227797985077
0.13053160905838013,0.057472024112939835,0.16761621832847595,0.3556198477745056,110,1172,
,,,,111,1172,0.4612872302532196
0.13633570075035095,0.05748915299773216,0.16799551248550415,0.3618203401565552,111,1189,
,,,,112,1189,0.41885852813720703
0.1497219353914261,0.05964671075344086,0.16505587100982666,0.374424546957016,112,1206,
,,,,113,1206,0.4450191259384155
0.17103487253189087,0.0611414834856987,0.30795377492904663,0.5401301383972168,113,1223,
,,,,114,1223,0.4259937107563019
0.1356651484966278,0.05899715796113014,0.2458379566669464,0.44050025939941406,114,1240,
,,,,115,1240,0.46384933590888977
0.14322060346603394,0.05771056190133095,0.1667782962322235,0.3677094578742981,115,1257,
,,,,116,1257,0.40388384461402893
0.13179191946983337,0.05803157016634941,0.1545366644859314,0.3443601727485657,116,1274,
,,,,117,1274,0.4562286138534546
0.14406365156173706,0.05813354253768921,0.1933358758687973,0.39553308486938477,117,1291,
,,,,118,1291,0.451983779668808
0.1534954458475113,0.060242410749197006,0.1573714017868042,0.371109277009964,118,1308,
,,,,119,1308,0.4254682660102844
0.139932319521904,0.05992826446890831,0.15910087525844574,0.35896146297454834,119,1325,
,,,,120,1325,0.46663880348205566
0.1362445056438446,0.05680893734097481,0.13275958597660065,0.32581305503845215,120,1342,
,,,,121,1342,0.40553322434425354
0.16149327158927917,0.05833028256893158,0.19409799575805664,0.4139215350151062,121,1359,
,,,,122,1359,0.42559459805488586
0.18480172753334045,0.05736849457025528,0.17390398681163788,0.4160742163658142,122,1376,
,,,,123,1376,0.41624748706817627
0.16129960119724274,0.05649571865797043,0.15618480741977692,0.3739801049232483,123,1393,
,,,,124,1393,0.45657792687416077
0.145370751619339,0.05773863568902016,0.16893978416919708,0.3720492124557495,124,1410,
,,,,125,1410,0.5176526308059692
0.14007370173931122,0.056998707354068756,0.14014726877212524,0.3372197151184082,125,1427,
,,,,126,1427,0.41193774342536926
0.15530690550804138,0.05628373473882675,0.14345389604568481,0.35504454374313354,126,1444,
,,,,127,1444,0.4214518964290619
0.2828788757324219,0.05845668911933899,0.14890164136886597,0.49023717641830444,127,1461,
,,,,128,1461,0.4477079510688782
0.16046050190925598,0.058776188641786575,0.20926159620285034,0.4284982979297638,128,1478,
,,,,129,1478,0.42686590552330017
0.1290789544582367,0.05699829384684563,0.1432272493839264,0.3293044865131378,129,1495,
,,,,130,1495,0.41760122776031494
0.14064443111419678,0.05793323740363121,0.14605721831321716,0.34463489055633545,130,1512,
,,,,131,1512,0.4166859984397888
0.15543165802955627,0.057906486093997955,0.14941228926181793,0.36275041103363037,131,1529,
,,,,132,1529,0.4687870144844055
0.14541009068489075,0.05565764382481575,0.1863928884267807,0.3874606192111969,132,1546,
,,,,133,1546,0.39747700095176697
0.132857084274292,0.05317620560526848,0.1516595482826233,0.33769285678863525,133,1563,
,,,,134,1563,0.44374018907546997
0.15445619821548462,0.060044724494218826,0.15008293092250824,0.3645838499069214,134,1580,
,,,,135,1580,0.4583110213279724
0.17145003378391266,0.056933075189590454,0.2465733289718628,0.4749564528465271,135,1597,
,,,,136,1597,0.4123881161212921
0.1267469972372055,0.05564422160387039,0.1396816521883011,0.3220728635787964,136,1614,
,,,,137,1614,0.4212023913860321
0.1391357183456421,0.05711204558610916,0.14068463444709778,0.33693239092826843,137,1631,
,,,,138,1631,0.4161951243877411
0.13482892513275146,0.05618470534682274,0.18288427591323853,0.373897910118103,138,1648,
,,,,139,1648,0.43729090690612793
0.12950751185417175,0.05888042971491814,0.40893301367759705,0.5973209142684937,139,1665,
,,,,140,1665,0.41329336166381836
0.13525544106960297,0.05589925870299339,0.33240699768066406,0.5235617160797119,140,1682,
,,,,141,1682,0.4402327239513397
0.14254187047481537,0.0569218210875988,0.15191993117332458,0.35138362646102905,141,1699,
,,,,142,1699,0.42557263374328613
0.12695007026195526,0.05522134155035019,0.1818827986717224,0.3640541732311249,142,1716,
,,,,143,1716,0.42988619208335876
0.13924655318260193,0.05516188219189644,0.15539972484111786,0.3498081564903259,143,1733,
,,,,144,1733,0.41734880208969116
0.12533989548683167,0.05449501425027847,0.23375239968299866,0.4135873019695282,144,1750,
,,,,145,1750,0.4182732403278351
0.12448692321777344,0.056869421154260635,0.3072506785392761,0.4886070489883423,145,1767,
,,,,146,1767,0.44587984681129456
0.12310819327831268,0.05647354573011398,0.16292732954025269,0.34250903129577637,146,1784,
,,,,147,1784,0.40755507349967957
0.1407470703125,0.057210687547922134,0.13080471754074097,0.3287624716758728,147,1801,
,,,,148,1801,0.41031932830810547
0.14787358045578003,0.05535383149981499,0.13986176252365112,0.34308916330337524,148,1818,
,,,,149,1818,0.41549184918403625
0.1282724142074585,0.0535268560051918,0.16240516304969788,0.3442044258117676,149,1835,
,,,,150,1835,0.3882303535938263
0.1281464546918869,0.054640159010887146,0.14790011942386627,0.3306867480278015,150,1852,
,,,,151,1852,0.43709179759025574
0.13033758103847504,0.053937871009111404,0.15074598789215088,0.335021436214447,151,1869,
,,,,152,1869,0.4025067389011383
0.13313764333724976,0.0566084124147892,0.14531269669532776,0.3350587487220764,152,1886,
,,,,153,1886,0.4147498309612274
0.1361708641052246,0.05616676062345505,0.15179166197776794,0.3441292941570282,153,1903,
,,,,154,1903,0.42120862007141113
0.1311674565076828,0.056275464594364166,0.1618354320526123,0.34927839040756226,154,1920,
,,,,155,1920,0.41125622391700745
0.13173604011535645,0.0545039027929306,0.14072594046592712,0.32696589827537537,155,1937,
,,,,156,1937,0.4031839966773987
0.14505542814731598,0.05361269414424896,0.14379630982875824,0.342464417219162,156,1954,
,,,,157,1954,0.39485108852386475
0.13027577102184296,0.05481487512588501,0.16919854283332825,0.3542892038822174,157,1971,
,,,,158,1971,0.44679170846939087
0.14249712228775024,0.05380084738135338,0.161411315202713,0.35770928859710693,158,1988,
,,,,159,1988,0.3858332931995392
0.13461312651634216,0.05632174760103226,0.13624922931194305,0.3271840810775757,159,2005,
,,,,160,2005,0.4250296354293823
0.1430884450674057,0.05644926428794861,0.1350696086883545,0.3346073031425476,160,2022,
,,,,161,2022,0.40049606561660767
0.12939931452274323,0.05444126948714256,0.32240545749664307,0.506246030330658,161,2039,
,,,,162,2039,0.43877989053726196
0.1351960450410843,0.055654797703027725,0.1512906700372696,0.3421415388584137,162,2056,
,,,,163,2056,0.4086064398288727
0.1389017254114151,0.055121079087257385,0.1495494395494461,0.3435722291469574,163,2073,
,,,,164,2073,0.40973567962646484
0.16966958343982697,0.054155804216861725,0.20342890918254852,0.42725425958633423,164,2090,
,,,,165,2090,0.4285304844379425
0.1445203423500061,0.051830168813467026,0.15501004457473755,0.351360559463501,165,2107,
,,,,166,2107,0.39855721592903137
0.13136595487594604,0.05385786294937134,0.14353930950164795,0.32876312732696533,166,2124,
,,,,167,2124,0.401648610830307
0.1361701935529709,0.05490819364786148,0.15492898225784302,0.3460073471069336,167,2141,
,,,,168,2141,0.3752577304840088
0.13582012057304382,0.05418352410197258,0.1450345516204834,0.3350381851196289,168,2158,
,,,,169,2158,0.44941261410713196
0.20366781949996948,0.053119268268346786,0.13082313537597656,0.38761022686958313,169,2175,
,,,,170,2175,0.40902307629585266
0.15001991391181946,0.051982585340738297,0.15949758887290955,0.3615000545978546,170,2192,
,,,,171,2192,0.4440571665763855
0.13908569514751434,0.05439399927854538,0.21549339592456818,0.4089730679988861,171,2209,
,,,,172,2209,0.41144075989723206
0.12249933183193207,0.05239708349108696,0.15521031618118286,0.3301067352294922,172,2226,
,,,,173,2226,0.41079503297805786
0.2848951816558838,0.051799871027469635,0.14852702617645264,0.48522210121154785,173,2243,
,,,,174,2243,0.4142071306705475
0.23698770999908447,0.05267757922410965,0.37553268671035767,0.6651979684829712,174,2260,
,,,,175,2260,0.3960454761981964
0.14387215673923492,0.05307032912969589,0.14720559120178223,0.34414806962013245,175,2277,
,,,,176,2277,0.4708373248577118
0.12870927155017853,0.05228045582771301,0.14999574422836304,0.33098548650741577,176,2294,
,,,,177,2294,0.44015926122665405
0.2765618860721588,0.052543848752975464,0.13766053318977356,0.46676623821258545,177,2311,
,,,,178,2311,0.4019792377948761
0.14394764602184296,0.05264277011156082,0.14265353977680206,0.33924394845962524,178,2328,
,,,,179,2328,0.39342430233955383
0.21458356082439423,0.05486356467008591,0.17622306942939758,0.4456701874732971,179,2345,
,,,,180,2345,0.4828469455242157
0.14096514880657196,0.051756374537944794,0.20089799165725708,0.3936195373535156,180,2362,
,,,,181,2362,0.4169358015060425
0.1219768226146698,0.0489235445857048,0.13669715821743011,0.3075975179672241,181,2379,
,,,,182,2379,0.41785046458244324
0.1694587618112564,0.05150633305311203,0.20537397265434265,0.4263390898704529,182,2396,
,,,,183,2396,0.40858685970306396
0.28771352767944336,0.05001894384622574,0.1399400234222412,0.4776725172996521,183,2413,
,,,,184,2413,0.4086197018623352
0.1259724199771881,0.050792146474123,0.1704508662223816,0.347215473651886,184,2430,
,,,,185,2430,0.419359415769577
0.12868182361125946,0.04972250014543533,0.17217892408370972,0.3505832850933075,185,2447,
,,,,186,2447,0.3957878351211548
0.12906764447689056,0.0511791966855526,0.1417873352766037,0.32203418016433716,186,2464,
,,,,187,2464,0.4639683961868286
0.14148451387882233,0.049610067158937454,0.20517754554748535,0.39627212285995483,187,2481,
,,,,188,2481,0.39193978905677795
0.1418086737394333,0.05140538513660431,0.2183082103729248,0.4115222692489624,188,2498,
,,,,189,2498,0.40286970138549805
0.1315927803516388,0.049736589193344116,0.17993751168251038,0.3612668514251709,189,2515,
,,,,190,2515,0.38140517473220825
0.15729385614395142,0.04973651468753815,0.14090943336486816,0.3479398488998413,190,2532,
,,,,191,2532,0.41177576780319214
0.13006462156772614,0.04953119903802872,0.14423003792762756,0.323825865983963,191,2549,
,,,,192,2549,0.4190787971019745
0.14780697226524353,0.049066126346588135,0.15410245954990387,0.35097557306289673,192,2566,
,,,,193,2566,0.4182753562927246
0.1445842683315277,0.050327301025390625,0.15052741765975952,0.34543898701667786,193,2583,
,,,,194,2583,0.4069046080112457
0.13323715329170227,0.0499347560107708,0.22110430896282196,0.4042762219905853,194,2600,
,,,,195,2600,0.3836400806903839
0.13991296291351318,0.050159752368927,0.13890501856803894,0.3289777338504791,195,2617,
,,,,196,2617,0.3986133933067322
0.14894354343414307,0.04896578565239906,0.13141706585884094,0.3293263912200928,196,2634,
,,,,197,2634,0.4017849266529083
0.1526084542274475,0.049102313816547394,0.16648408770561218,0.3681948482990265,197,2651,
,,,,198,2651,0.4002714157104492
0.12550757825374603,0.04846116527915001,0.15229520201683044,0.326263964176178,198,2668,
,,,,199,2668,0.403308629989624
0.13835380971431732,0.04936071112751961,0.13191840052604675,0.319632887840271,199,2685,
,,,,200,2685,0.4005040228366852
0.2866637706756592,0.04641256853938103,0.20410162210464478,0.5371779799461365,200,2702,
,,,,201,2702,0.4249687194824219
0.1409454047679901,0.0490567572414875,0.19446046650409698,0.3844626545906067,201,2719,
,,,,202,2719,0.3998400568962097
0.13347294926643372,0.048405617475509644,0.13118338584899902,0.3130619525909424,202,2736,
,,,,203,2736,0.3972824811935425
0.14282646775245667,0.04832809418439865,0.14576537907123566,0.3369199335575104,203,2753,
,,,,204,2753,0.4131472110748291
0.1355634331703186,0.0496298186480999,0.15712761878967285,0.34232088923454285,204,2770,
,,,,205,2770,0.4032854437828064
0.13207657635211945,0.04742257297039032,0.13717663288116455,0.3166757822036743,205,2787,
,,,,206,2787,0.4025428593158722
0.13825426995754242,0.04889613389968872,0.15081115067005157,0.3379615843296051,206,2804,
,,,,207,2804,0.38346990942955017
0.20889517664909363,0.04684233292937279,0.14001233875751495,0.3957498371601105,207,2821,
,,,,208,2821,0.43360021710395813
0.16203558444976807,0.047646135091781616,0.24161988496780396,0.45130160450935364,208,2838,
,,,,209,2838,0.3808669149875641
0.12570029497146606,0.04699717462062836,0.14149950444698334,0.31419697403907776,209,2855,
,,,,210,2855,0.37867501378059387
0.12631440162658691,0.04613345488905907,0.13603046536445618,0.30847829580307007,210,2872,
,,,,211,2872,0.3936918079853058
0.1239786297082901,0.04439336061477661,0.15841615200042725,0.32678815722465515,211,2889,
,,,,212,2889,0.42029330134391785
0.13604743778705597,0.04720918461680412,0.1864529401063919,0.3697095513343811,212,2906,
,,,,213,2906,0.4341775178909302
0.12910670042037964,0.04568583145737648,0.13301154971122742,0.30780407786369324,213,2923,
,,,,214,2923,0.37976083159446716
0.13339762389659882,0.04302113503217697,0.14379927515983582,0.320218026638031,214,2940,
,,,,215,2940,0.3822554051876068
0.12190090119838715,0.04595477133989334,0.3062199652194977,0.47407567501068115,215,2957,
,,,,216,2957,0.40439465641975403
0.13867643475532532,0.04653596878051758,0.15608222782611847,0.34129464626312256,216,2974,
,,,,217,2974,0.39024004340171814
0.13776221871376038,0.04461552947759628,0.1484687626361847,0.33084648847579956,217,2991,
,,,,218,2991,0.3681108355522156
0.13875775039196014,0.04521525278687477,0.1381145715713501,0.3220875859260559,218,3008,
,,,,219,3008,0.43361958861351013
0.12853172421455383,0.044282566756010056,0.16723458468914032,0.3400488793849945,219,3025,
,,,,220,3025,0.40950924158096313
0.13638639450073242,0.04555553197860718,0.14998796582221985,0.33192989230155945,220,3042,
,,,,221,3042,0.3599555790424347
0.13149482011795044,0.044283587485551834,0.13501133024692535,0.31078973412513733,221,3059,
,,,,222,3059,0.36639612913131714
0.11903148889541626,0.044369909912347794,0.13795386254787445,0.301355242729187,222,3076,
,,,,223,3076,0.3831494450569153
0.21017251908779144,0.045080650597810745,0.15198799967765808,0.40724116563796997,223,3093,
,,,,224,3093,0.43147343397140503
0.13264256715774536,0.04552966728806496,0.15001393854618073,0.32818618416786194,224,16,
,,,,225,16,0.41854533553123474
0.12411913275718689,0.043790772557258606,0.14820826053619385,0.31611818075180054,225,33,
,,,,226,33,0.38348114490509033
0.1404367834329605,0.04251793026924133,0.15168486535549164,0.3346395790576935,226,50,
,,,,227,50,0.3843364715576172
0.1471889466047287,0.04481380805373192,0.14383964240550995,0.33584243059158325,227,67,
,,,,228,67,0.4267299473285675
0.13386131823062897,0.04319508373737335,0.15064075589179993,0.32769715785980225,228,84,
,,,,229,84,0.3831433653831482
0.12642116844654083,0.042410023510456085,0.1402536928653717,0.3090848922729492,229,101,
,,,,230,101,0.3808799088001251
0.132804736495018,0.04261506721377373,0.14864715933799744,0.32406696677207947,230,118,
,,,,231,118,0.37720927596092224
0.1380143165588379,0.04025483876466751,0.14660722017288208,0.3248763978481293,231,135,
,,,,232,135,0.4169195890426636
0.12906017899513245,0.04270171746611595,0.1279205083847046,0.2996823787689209,232,152,
,,,,233,152,0.385827898979187
0.12695378065109253,0.04185223579406738,0.1430739313364029,0.3118799328804016,233,169,
,,,,234,169,0.3983042538166046
0.13187001645565033,0.04309964179992676,0.14272238314151764,0.3176920413970947,234,186,
,,,,235,186,0.3997533619403839
0.12967725098133087,0.04251938313245773,0.14725501835346222,0.31945163011550903,235,203,
,,,,236,203,0.35335221886634827
0.13946500420570374,0.03962434455752373,0.143047034740448,0.32213640213012695,236,220,
,,,,237,220,0.4040299654006958
0.13900373876094818,0.04112985357642174,0.16621294617652893,0.34634652733802795,237,237,
,,,,238,237,0.4085347354412079
0.13955433666706085,0.040310513228178024,0.14892397820949554,0.3287888169288635,238,254,
,,,,239,254,0.35476601123809814
0.1327984631061554,0.040688157081604004,0.1723944991827011,0.3458811342716217,239,271,
,,,,240,271,0.40854698419570923
0.13266870379447937,0.040803875774145126,0.13646025955677032,0.3099328279495239,240,288,
,,,,241,288,0.3717379868030548
0.13187167048454285,0.039118483662605286,0.21498501300811768,0.385975182056427,241,305,
,,,,242,305,0.3786245286464691
0.13145680725574493,0.03995579853653908,0.15140938758850098,0.3228219747543335,242,322,
,,,,243,322,0.3867105543613434
0.12963823974132538,0.03945104032754898,0.1811075508594513,0.35019683837890625,243,339,
,,,,244,339,0.36472824215888977
0.26785051822662354,0.03966352343559265,0.17023755609989166,0.47775161266326904,244,356,
,,,,245,356,0.4036460518836975
0.1322474330663681,0.03937908262014389,0.16989092528820038,0.34151744842529297,245,373,
,,,,246,373,0.3858059048652649
0.13790364563465118,0.03862130641937256,0.13428717851638794,0.3108121156692505,246,390,
,,,,247,390,0.42204463481903076
0.13351555168628693,0.03749118745326996,0.14111866056919098,0.31212538480758667,247,407,
,,,,248,407,0.36646023392677307
0.13273416459560394,0.03898768126964569,0.1358504593372345,0.30757230520248413,248,424,
,,,,249,424,0.35930874943733215
0.12894240021705627,0.03818385675549507,0.13970766961574554,0.306833952665329,249,441,
,,,,250,441,0.4225313067436218
0.1261824667453766,0.03810170292854309,0.14906907081604004,0.3133532404899597,250,458,
,,,,251,458,0.38259264826774597
0.12220858037471771,0.037967950105667114,0.14829356968402863,0.30847010016441345,251,475,
,,,,252,475,0.36971569061279297
0.11613348126411438,0.037813734263181686,0.13940531015396118,0.29335254430770874,252,492,
,,,,253,492,0.3943646550178528
0.1310337483882904,0.038764048367738724,0.184050515294075,0.35384830832481384,253,509,
,,,,254,509,0.3848201036453247
0.13782091438770294,0.03856690973043442,0.1517648696899414,0.32815271615982056,254,526,
,,,,255,526,0.3657321035861969
0.13526421785354614,0.03862258046865463,0.14729902148246765,0.321185827255249,255,543,
,,,,256,543,0.38154199719429016
0.1734907627105713,0.038426246494054794,0.1558002382516861,0.36771726608276367,256,560,
,,,,257,560,0.3708891272544861
0.1273016333580017,0.03798874095082283,0.15067976713180542,0.31597015261650085,257,577,
,,,,258,577,0.355205774307251
0.13199910521507263,0.03640724718570709,0.1451360583305359,0.3135423958301544,258,594,
,,,,259,594,0.36362048983573914
0.13210976123809814,0.03725297749042511,0.14288422465324402,0.31224697828292847,259,611,
,,,,260,611,0.40213173627853394
0.2811243236064911,0.03834522143006325,0.14656290411949158,0.466032475233078,260,628,
,,,,261,628,0.3896090090274811
0.1469613015651703,0.03737442195415497,0.1531144678592682,0.33745017647743225,261,645,
,,,,262,645,0.3815106451511383
0.12888991832733154,0.038995690643787384,0.17119772732257843,0.33908331394195557,262,662,
,,,,263,662,0.3830907642841339
0.14310066401958466,0.039516713470220566,0.13099464774131775,0.3136120140552521,263,679,
,,,,264,679,0.3870871365070343
0.29689496755599976,0.03757920116186142,0.14277710020542145,0.477251261472702,264,696,
,,,,265,696,0.3785577118396759
0.12872250378131866,0.036794185638427734,0.14977186918258667,0.31528857350349426,265,713,
,,,,266,713,0.4055818021297455
0.13922683894634247,0.03810819983482361,0.16402636468410492,0.341361403465271,266,730,
,,,,267,730,0.3711499571800232
0.13287422060966492,0.036611951887607574,0.13874764740467072,0.3082337975502014,267,747,
,,,,268,747,0.3565461039543152
0.1352112740278244,0.03640881925821304,0.11539547145366669,0.2870155870914459,268,764,
,,,,269,764,0.35465314984321594
0.1280745416879654,0.036707498133182526,0.1509915292263031,0.31577354669570923,269,781,
,,,,270,781,0.3881189227104187
0.13577309250831604,0.03919301554560661,0.20949174463748932,0.38445785641670227,270,798,
,,,,271,798,0.39282551407814026
0.1345527470111847,0.03615128993988037,0.14422065019607544,0.3149246871471405,271,815,
,,,,272,815,0.36250630021095276
0.12167593091726303,0.036881253123283386,0.1514371931552887,0.3099943995475769,272,832,
,,,,273,832,0.36350902915000916
0.12695421278476715,0.038444884121418,0.149730384349823,0.31512948870658875,273,849,
,,,,274,849,0.366736501455307
0.2361333966255188,0.03965825214982033,0.14117076992988586,0.4169624149799347,274,866,
,,,,275,866,0.34170055389404297
0.14182151854038239,0.034142591059207916,0.24629110097885132,0.42225518822669983,275,883,
,,,,276,883,0.39881405234336853
0.13260877132415771,0.03692547604441643,0.1449785679578781,0.31451278924942017,276,900,
,,,,277,900,0.3756207227706909
0.1302204430103302,0.0371011346578598,0.11909737437963486,0.28641894459724426,277,917,
,,,,278,917,0.36907556653022766
0.1277632862329483,0.035260871052742004,0.14025914669036865,0.30328330397605896,278,934,
,,,,279,934,0.36971166729927063
0.12860772013664246,0.035978514701128006,0.13902164995670319,0.30360788106918335,279,951,
,,,,280,951,0.400971919298172
0.15756279230117798,0.03617176413536072,0.1657949835062027,0.3595295548439026,280,968,
,,,,281,968,0.37944933772087097
0.12845447659492493,0.03706712648272514,0.11947038769721985,0.284991979598999,281,985,
,,,,282,985,0.3688352704048157
0.11912278831005096,0.038264594972133636,0.17187732458114624,0.32926473021507263,282,1002,
,,,,283,1002,0.36602047085762024
0.13847339153289795,0.03646954149007797,0.14645235240459442,0.32139527797698975,283,1019,
,,,,284,1019,0.40086033940315247
0.14594632387161255,0.03504534065723419,0.1655099093914032,0.34650158882141113,284,1036,
,,,,285,1036,0.4014996886253357
0.12513956427574158,0.03590288758277893,0.13292282819747925,0.29396528005599976,285,1053,
,,,,286,1053,0.3718644380569458
0.15132229030132294,0.035906918346881866,0.14160889387130737,0.3288381099700928,286,1070,
,,,,287,1070,0.4061814546585083
0.1498846709728241,0.03719399869441986,0.1245901882648468,0.31166887283325195,287,1087,
,,,,288,1087,0.3464604616165161
0.1224139928817749,0.03435463085770607,0.1197737455368042,0.2765423655509949,288,1104,
,,,,289,1104,0.3485487699508667
0.14677530527114868,0.03438369557261467,0.14169186353683472,0.32285088300704956,289,1121,
,,,,290,1121,0.39215973019599915
0.13177502155303955,0.036061953753232956,0.12719634175300598,0.29503333568573,290,1138,
,,,,291,1138,0.3816104531288147
0.12633344531059265,0.03557194769382477,0.1544416844844818,0.31634706258773804,291,1155,
,,,,292,1155,0.3690207302570343
0.11724292486906052,0.03600544482469559,0.14749382436275482,0.30074217915534973,292,1172,
,,,,293,1172,0.3898404538631439
0.13001228868961334,0.03517980873584747,0.15222840011119843,0.31742051243782043,293,1189,
,,,,294,1189,0.35222887992858887
0.13517948985099792,0.03527124971151352,0.14975976943969727,0.3202105164527893,294,1206,
,,,,295,1206,0.37276890873908997
0.15583162009716034,0.036707714200019836,0.2923453748226166,0.48488467931747437,295,1223,
,,,,296,1223,0.3539016544818878
0.12214777618646622,0.03511296212673187,0.23418168723583221,0.3914424180984497,296,1240,
,,,,297,1240,0.394062340259552
0.13206103444099426,0.033784493803977966,0.15108159184455872,0.31692710518836975,297,1257,
,,,,298,1257,0.3338313400745392
0.11840884387493134,0.03474459424614906,0.13878889381885529,0.2919423580169678,298,1274,
,,,,299,1274,0.38712745904922485
0.13153037428855896,0.03514401242136955,0.17996980249881744,0.34664416313171387,299,1291,
,,,,300,1291,0.38008517026901245